LIT;Ruling Cabinet - Start;Name;Start Year;End Year;Ideology;Personality;Loyalty;Picturename;X
;Replacements;;;;;;;;X
140001;Head of State;Antanas Smetona;1933;1964;FA;Weary Stiffneck;High;M28001;X
140002;Head of Government;Juozas Tubelis;1933;1964;FA;Political Protege;High;M28002;X
140003;Foreign Minister;Stasys Lozoraitis;1933;1964;FA;Ideological Crusader;Medium;M28003;X
140004;Minister of Armament;Valdemaras Vytautas-Carneckis;1933;1964;FA;Military Entrepreneur;Medium;M28004;X
140005;Minister of Security;Antanas Smetona;1933;1964;FA;Compassionate Gentleman;Medium;M28001;X
140006;Head of Military Intelligence;Dovas Zaunius;1933;1964;FA;Political Specialist;Medium;M28006;X
140007;Chief of Staff;Jonas Galvydis-Bykauskas;1933;1964;FA;School of Defence;Medium;M28007;X
140008;Chief of Army;Stasys Rastikis;1933;1964;FA;Elastic Defence Doctrine;Medium;M28008;X
140009;Chief of Navy;Garnis Dirmantas;1933;1964;FA;Open Seas Doctrine;Medium;M28009;X
140010;Chief of Air Force;Antanas Gustaitis;1933;1964;FA;Army Aviation Doctrine;Medium;M28010;X
140011;Head of State;Augustinas Voldemaras;1933;1964;NS;Powerhungry Demagogue;High;M28031;X
140012;Head of State;Kazys Skirpa;1940;1964;NS;Insignificant Layman;High;M28032;X
140013;Head of State;Theodor von Renteln;1941;1964;NS;Resigned Generalissimo;High;M28033;X
140014;Head of State;Antanas Merkys;1940;1964;PA;Benevolent Gentleman;High;M28035;X
140015;Head of State;Jonas Zemaitis;1945;1964;PA;Autocratic Charmer;High;M28036;X
140016;Head of State;Jupozas Maciusnas;1933;1964;SC;Benevolent Gentleman;High;M28011;X
140017;Head of State;Juozas Ambrazevicius;1941;1964;SC;Insignificant Layman;High;M28020;X
140018;Head of State;Anatolijus Kairys;1945;1964;SC;Die-hard Reformer;High;M28019;X
140019;Head of State;Justas Paleckis;1938;1964;ST;Insignificant Layman;High;M28021;X
140020;Head of State;Antanas Snieckus;1945;1964;ST;Die-hard Reformer;High;M28041;X
140021;Head of Government;Pranciskis Misiunas;1938;1964;NS;Happy Amateur;High;M28042;X
140022;Head of Government;Petras Kubiliunas;1940;1964;NS;Silent Workhorse;High;M28043;X
140023;Head of Government;Vladas Mironas;1938;1964;FA;Naive Optimist;High;M28044;X
140024;Head of Government;Jonas Cernius;1939;1964;FA;Ambitious Union Boss;High;M28014;X
140025;Head of Government;Antanas Merkys;1939;1964;FA;Smiling Oilman;High;M28035;X
140026;Head of Government;Dovas Zaunius;1940;1964;PA;Happy Amateur;High;M28006;X
140027;Head of Government;Kasimiras Zilenskiene;1945;1964;PA;Flamboyant Tough Guy;High;M28048;X
140028;Head of Government;Linas Brodovskis;1938;1964;SC;Backroom Backstabber;High;M28015;X
140029;Head of Government;Juozas Ambrazevicius;1941;1964;SC;Corporate Suit;High;M28020;X
140030;Head of Government;Stasys Lozoraitis;1945;1964;SC;Happy Amateur;High;M28003;X
140031;Head of Government;Justas Paleckis;1938;1964;ST;Smiling Oilman;High;M28021;X
140032;Head of Government;Vincas Kreve-Mickevicius;1940;1964;ST;Political Protege;High;M28053;X
140033;Head of Government;Antanas Snieckus;1945;1964;ST;Old Admiral;High;M28041;X
140034;Foreign Minister;Petras Domarkas;1938;1964;NS;Biased Intellectual;Medium;M28055;X
140035;Foreign Minister;Azuolas Kuschat;1940;1964;NS;Apologetic Clerk;Medium;M28056;X
140036;Foreign Minister;Petras Kubiliunas;1941;1964;NS;Ideological Crusader;Medium;M28043;X
140037;Foreign Minister;Juozas Urbsys;1938;1964;FA;Ideological Crusader;Medium;M28058;X
140038;Foreign Minister;Ernestas Galvanauskas;1940;1964;PA;Apologetic Clerk;Medium;M28059;X
140039;Foreign Minister;Antanas Merkys;1941;1964;PA;Ideological Crusader;Medium;M28035;X
140040;Foreign Minister;Karolis Vinewicz;1945;1964;PA;Iron Fisted Brute;Medium;M28061;X
140041;Foreign Minister;Giedrius Grigas;1938;1964;SC;Biased Intellectual;Medium;M28062;X
140042;Foreign Minister;Jonas Vailokaitis;1940;1964;SC;Great Compromiser;Medium;M28063;X
140043;Foreign Minister;Stasys Lozoraitis;1945;1964;SC;Apologetic Clerk;Medium;M28003;X
140044;Foreign Minister;Justas Paleckis;1938;1964;ST;Ideological Crusader;Medium;M28021;X
140045;Foreign Minister;Vincas Kreve-Mickevicius;1940;1964;ST;Biased Intellectual;Medium;M28053;X
140046;Foreign Minister;Karolis Didzilus-Grosmanas;1941;1964;ST;The Cloak N Dagger Schemer;Medium;M28067;X
140047;Foreign Minister;Mecislovas Gedvilas;1945;1964;ST;Apologetic Clerk;Medium;M28024;X
140048;Minister of Armament;Augustinas Voldemaras;1938;1964;NS;Resource Industrialist;Medium;M28031;X
140049;Minister of Armament;Vincentas Latozaite;1940;1964;NS;Strategic Air Proponent;Medium;M28070;X
140050;Minister of Armament;Petras Plechavicius;1941;1964;NS;Military Entrepreneur;Medium;M28071;X
140051;Minister of Armament;Vladas Jurgutis;1938;1964;FA;Resource Industrialist;Medium;M28072;X
140052;Minister of Armament;Antanas Smetona;1939;1964;FA;Air to Ground Proponent;Medium;M28001;X
140053;Minister of Armament;Jonas Cernius;1940;1964;PA;Battle Fleet Proponent;Medium;M28014;X
140054;Minister of Armament;Aras Abrutis;1945;1964;PA;Administrative Genius;Medium;M28075;X
140055;Minister of Armament;Juozas Purickis;1938;1964;SC;Administrative Genius;Medium;M28076;X
140056;Minister of Armament;Leonas Bistras;1941;1964;SC;Laissez-Faire Capitalist;Medium;M28077;X
140057;Minister of Armament;Gintare Klumbyte;1945;1964;SC;Corrupt Kleptocrat;Medium;M28078;X
140058;Minister of Armament;Vytautas Martinaitis;1938;1964;ST;Submarine Proponent;Medium;M28079;X
140059;Minister of Armament;Mecislovas Gedvilas;1940;1964;ST;Theoretical Scientist;Medium;M28024;X
140060;Minister of Armament;Icikas Meskupas-Adomas;1941;1964;ST;Corrupt Kleptocrat;Medium;M28081;X
140061;Minister of Armament;Antonas Sanrkiene;1945;1964;ST;Air to Sea Proponent;Medium;M28082;X
140062;Minister of Security;Kazys Skirpa;1938;1964;NS;Prince of Terror;Medium;M28032;X
140063;Minister of Security;Wilhelm Kube;1941;1964;NS;Man of the People;Medium;M28084;X
140064;Minister of Security;Mykolas Slezevicius;1938;1964;FA;Prince of Terror;Medium;M28085;X
140065;Minister of Security;Vladas Mironas;1939;1964;FA;Efficient Sociopath;High;M28044;X
140066;Minister of Security;Valdemaras Vytautas-Carneckis;1939;1964;FA;Crime Fighter;Medium;M28004;X
140067;Minister of Security;Jurgis Wintelaichuite;1940;1964;PA;Crooked Kleptocrat;Medium;M28088;X
140068;Minister of Security;Jonas Endrasius;1941;1964;PA;Back Stabber;Medium;M28089;X
140069;Minister of Security;Micislovas Reinys;1945;1964;PA;Efficient Sociopath;Medium;M28090;X
140070;Minister of Security;Pranas Dovydaitis;1938;1964;SC;Silent Lawyer;Medium;M28091;X
140071;Minister of Security;Linas Brodovskis;1940;1964;SC;Efficient Sociopath;Medium;M28015;X
140072;Minister of Security;Mykolas Filipavicius;1945;1964;SC;Compassionate Gentleman;Medium;M28093;X
140073;Minister of Security;Domas Rocius;1938;1964;ST;Efficient Sociopath;Medium;M28094;X
140074;Minister of Security;Povilas Pakarklis;1940;1964;ST;Silent Lawyer;Medium;M28025;X
140075;Minister of Security;Antanas Snieckus;1941;1964;ST;Crime Fighter;Medium;M28041;X
140076;Minister of Security;Juozas Kupcinkas;1945;1964;ST;Compassionate Gentleman;Medium;M28097;X
140077;Minister of Security;Jurgis Terleckas;1946;1964;ST;Prince of Terror;Medium;M28098;X
140078;Head of Military Intelligence;Pranciskis Misiunas;1938;1964;NS;Logistics Specialist;Medium;M28042;X
140079;Head of Military Intelligence;Theodor von Renteln;1941;1964;NS;Dismal Enigma;High;M28033;X
140080;Head of Military Intelligence;Juozas Tubelis;1938;1964;FA;Logistics Specialist;Medium;M28002;X
140081;Head of Military Intelligence;Juozas Baltakis;1939;1964;FA;Political Specialist;Medium;M28102;X
140082;Head of Military Intelligence;Franciskus Ivinskis;1940;1964;PA;Logistics Specialist;High;M28103;X
140083;Head of Military Intelligence;Kasimiras Zilenskiene;1941;1964;PA;Industrial Specialist;High;M28048;X
140084;Head of Military Intelligence;Juozas Alsauskas;1945;1964;PA;Naval Intelligence Specialist;High;M28105;X
140085;Head of Military Intelligence;Jupozas Maciusnas;1938;1964;SC;Political Specialist;Medium;M28011;X
140086;Head of Military Intelligence;Jurgis Saulys;1941;1964;SC;Technical Specialist;Medium;M28107;X
140087;Head of Military Intelligence;Atanas Ceponis;1945;1964;SC;Dismal Enigma;Medium;M28108;X
140088;Head of Military Intelligence;Vincentas Leskien;1938;1964;ST;Industrial Specialist;Medium;M28109;X
140089;Head of Military Intelligence;Vytautas Ambrazas;1940;1964;ST;Political Specialist;Medium;M28110;X
140090;Head of Military Intelligence;Chaimas Aizenas;1941;1964;ST;Dismal Enigma;Medium;M28111;X
140091;Head of Military Intelligence;Pranas Zibertas;1945;1964;ST;Technical Specialist;Medium;M28026;X
140092;Chief of Staff;Petras Kubiliunas;1938;1964;NS;School of Mass Combat;Medium;M28043;X
140093;Chief of Staff;Jonas Cernius;1933;1964;FA;School of Manoeuvre;High;M28014;X
140094;Chief of Staff;Stasys Rastikis;1938;1964;FA;School of Fire Support;Medium;M28008;X
140095;Chief of Staff;Jonas Zemaitis;1945;1964;PA;School of Psychology;High;M28036;X
140096;Chief of Staff;Juoza Barzda-Bradauskas;1938;1964;SC;School of Psychology;Medium;M28017;X
140097;Chief of Staff;Azuolas Jakus;1945;1964;SC;School of Mass Combat;Medium;M28119;X
140098;Chief of Staff;Antanas Snieckus;1938;1964;ST;School of Fire Support;Medium;M28027;X
140099;Chief of Staff;Aleksandras Guzevicius;1941;1964;ST;School of Defence;Medium;M28030;X
140100;Chief of Army;Albinas Cepas-Cepauskas;1938;1964;NS;Armoured Spearhead Doctrine;Medium;M28122;X
140101;Chief of Army;Petras Plechavicius;1941;1964;NS;Elastic Defence Doctrine;Medium;M28071;X
140102;Chief of Army;Jonas Galvydis-Bykauskas;1938;1964;FA;Static Defence Doctrine;Medium;M28007;X
140103;Chief of Army;Gedrivius Palionis;1945;1964;PA;Decisive Battle Doctrine;Medium;M28126;X
140104;Chief of Army;Kazys Musteikis;1938;1964;SC;Guns and Butter Doctrine;Medium;M28125;X
140105;Chief of Army;Anatolijus Kairys;1940;1964;SC;Static Defence Doctrine;High;M28019;X
140106;Chief of Army;Adolfas Ramanasukas-Vanagas;1945;1964;SC;Elastic Defence Doctrine;Medium;M28018;X
140107;Chief of Army;Antanas Snieckus;1938;1964;ST;Armoured Spearhead Doctrine;Medium;M28027;X
140108;Chief of Army;Jurgis Terleckas;1941;1964;ST;Guns and Butter Doctrine;Medium;M28098;X
140109;Chief of Navy;Azuolas Kuschat;1938;1964;NS;Power Projection Doctrine;Medium;M28056;X
140110;Chief of Navy;Jurgis Saulys;1938;1964;SC;Indirect Approach Doctrine;Medium;M28107;X
140111;Chief of Navy;Anatolijus Kairys;1941;1964;SC;Base Control Doctrine;Medium;M28019;X
140112;Chief of Navy;Vladas Karvelis;1938;1964;ST;Indirect Approach Doctrine;Medium;M28029;X
140113;Chief of Navy;Mecislovas Gedvilas;1941;1964;ST;Base Control Doctrine;Medium;M28024;X
140114;Chief of Air Force;Kazys Skirpa;1938;1964;NS;Army Aviation Doctrine;Medium;M28032;X
140115;Chief of Air Force;Juozas Ambrazevicius;1938;1964;SC;Carpet Bombing Doctrine;Medium;M28020;X
140116;Chief of Air Force;Mykolas Filipavicius;1945;1964;SC;Air Superiority Doctrine;Medium;M28093;X
140117;Chief of Air Force;Aleksandras Guzevicius;1938;1964;ST;Vertical Envelopment Doctrine;Medium;M28030;X
140118;Chief of Air Force;Juozas Baukarskas;1945;1964;ST;Army Aviation Doctrine;Medium;M28145;X
140119;Head of State;H.M. Mindaugas II;1914;1933;PA;Popular Figurehead;Medium;2824;X
140120;Head of State;Kazys Grinius;1920;1964;LE;Undistinguished Suit;High;6950;X
140121;Head of Government;Aleksandras Stulginskis;1920;1964;LE;Undistinguished Suit;High;6951;X
140122;Head of State;H.M. Mindaugas III;1945;1982;PA;Benevolent Gentleman;High;GER - Duke Karl Gero of Urach;X
140123;Head of State;H.M. Mindaugas IV;1981;2020;PA;Insignificant Layman;High;GER - Duke Inigo of Urach;X
140124;Head of State;Petras Griskevicius;1964;1988;LWR;Popular Figurehead;Low;LIT - Petras Griskevicius;X
140125;Head of State;Ringaudas Songaila;1987;2020;LWR;Barking Buffoon;Low;LIT - Ringaudas Songaila;X
140126;Head of State;Algirdas Brazauskas;1988;2011;LWR;Powerhungry Demagogue;Low;LIT - Algirdas Brazauskas;X
140127;Head of State;Vytautas Landsbergis;1985;2020;SC;Barking Buffoon;High;LIT - Vytautas Landsbergis;X
140128;Head of State;Algirdas Brazauskas;1988;2011;SD;Powerhungry Demagogue;Low;LIT - Algirdas Brazauskas;X
140129;Head of State;Valdas Adamkus;1997;2020;SC;Popular Figurehead;Medium;LIT - Valdas Adamkus;X
140130;Head of State;Stasys Lozoraitis Jr.;1993;1996;ML;Insignificant Layman;Medium;LIT - Stasys Lozoraitis Jr.;X
140131;Head of State;Arturas Paulauskas;1997;2020;SD;Ruthless Powermonger;Low;LIT - Arturas Paulauskas;X
140132;Head of State;Vladas Žalnerauskas;1979;2010;PA;Weary Stiffneck;High;LIT - Vladas Zalnerauskas;X
140133;Head of State;Stasys Cenkus;1944;1984;FA;Autocratic Charmer;High;LIT - Stasys Cenkus;X
140134;Head of State;Algimantas Dailide;1982;2017;FA;Insignificant Layman;High;LIT - Algimantas Dailide;X
140135;Head of State;Aleksandras Lileikis;1963;2002;NS;Stern Imperialist;High;LIT - Aleksandras Lileikis;X
140136;Head of State;H.M. Mindaugas III;1945;1982;ML;Benevolent Gentleman;High;GER - Duke Karl Gero of Urach;X
140137;Head of State;H.M. Mindaugas IV;1981;2020;ML;Insignificant Layman;High;GER - Duke Inigo of Urach;X
140138;Head of Government;Mecislovas Gedvilas;1944;1964;LWR;Political Protege;Low;LIT - Mecislovas Gedvilas;X
140139;Head of Government;Motiejus Sumauskas;1956;1964;LWR;Silent Workhorse;Low;LIT - Motiejus Sumauskas;X
140140;Head of Government;Juozas Maniusis;1967;1988;LWR;Backroom Backstabber;Low;LIT - Juozas Maniusis;X
140141;Head of Government;Ringaudas Songaila;1981;2020;LWR;Backroom Backstabber;Low;LIT - Ringaudas Songaila;X
140142;Head of Government;Vytautas Sakalauskas;1985;2002;LWR;Political Protege;Low;LIT - Vytautas Sakalauskas;X
140143;Head of Government;Kazimira Prunskiene;1985;2020;ML;Silent Workhorse;High;LIT - Kazimira Prunskiene;X
140144;Head of Government;Gediminas Vagnorius;1991;2020;ML;Naive Optimist;Medium;LIT - Gediminas Vagnorius;X
140145;Head of Government;Bronislovas Lubys;1991;2012;ML;Corporate Suit;Medium;LIT - Bronislovas Lubys;X
140146;Head of Government;Adolfas Slezevicius;1992;2020;SD;Corporate Suit;Medium;LIT - Adolfas Slezevicius;X
140147;Head of Government;Rolandas Paksas;1998;2020;SC;Ambitious Union Boss;Medium;LIT - Rolandas Paksas;X
140148;Head of Government;Andrius Kubilius;1999;2020;SC;Silent Workhorse;Medium;LIT - Andrius Kubilius;X
140149;Head of Government;Jonas Zemaitis;1948;1970;PA;Old General;High;M28036;X
140150;Head of Government;Rimantas Matulis;1969;2020;PA;Happy Amateur;High;LIT - Rimantas Matulis;X
140151;Head of Government;Leonas Prapuolenis;1948;1973;FA;Flamboyant Tough Guy;High;LIT - Leonas Prapuolenis;X
140152;Head of Government;Pilypas Žukauskas;1972;2010;FA;Corporate Suit;High;LIT - Pilypas Zukauskas;X
140153;Head of Government;Visvaldas Mažonas;1985;2020;FA;Flamboyant Tough Guy;High;LIT - Visvaldas Mazonas;X
140154;Head of Government;Vladas Zajanckauskas;1964;2015;NS;Political Protege;High;LIT - Vladas Zajanckauskas;X
