URU;Ruling Cabinet - Start;Name;Start Year;End Year;Ideology;Personality;Loyalty;Picturename;X
;Replacements;;;;;;;;X
195001;Head of State;Gabriel Terra;1933;1964;PA;Powerhungry Demagogue;High;M41001;X
195002;Head of Government;Gabriel Terra;1933;1964;PA;Smiling Oilman;High;M41001;X
195003;Foreign Minister;José Espalter;1933;1964;PA;Iron Fisted Brute;Medium;M41003;X
195004;Minister of Armament;Alfredo Baldomir;1933;1964;PA;Military Entrepreneur;Medium;M41004;X
195005;Minister of Security;Heinz Glockenberger;1933;1964;PA;Prince of Terror;Medium;M41005;X
195006;Head of Military Intelligence;Cristiano Piraguy Trellés;1933;1964;PA;Logistics Specialist;Medium;M41006;X
195007;Chief of Staff;Manuel Heinz Azpurua;1933;1964;PA;School of Fire Support;Medium;M41007;X
195008;Chief of Army;Jorge Elio Mendoza;1933;1964;PA;Static Defence Doctrine;Medium;M41008;X
195009;Chief of Navy;Carlos Jackson Urribé;1933;1964;PA;Decisive Naval Battle Doctrine;Medium;M41009;X
195010;Chief of Air Force;Cosme Alvaréz Berisso;1933;1964;PA;Air Superiority Doctrine;Medium;M41010;X
195011;Head of State;Alfredo Baldomir;1938;1964;SC;Resigned Generalissimo;High;M41004;X
195012;Head of State;A. Dres Gustavo;1938;1964;SD;Insignificant Layman;High;M41032;X
195013;Head of State;Juan de Amezaga;1943;1964;ML;Benevolent Gentleman;High;M41033;X
195014;Head of State;Baltasar Brun;1943;1964;SD;Weary Stiffneck;High;M41034;X
195015;Head of State;Tomas Beretta Gandolfo;1947;1964;SL;Die-hard Reformer;High;M41035;X
195016;Head of State;Luis Conrado Batlle Beres;1947;1964;LWR;Popular Figurehead;High;M41036;X
195017;Head of Government;Alfredo Baldomir;1938;1964;SC;Old General;High;M41004;X
195018;Head of Government;A. Dres Gustavo;1938;1964;SD;Happy Amateur;High;M41032;X
195019;Head of Government;Juan de Amezaga;1943;1964;ML;Corporate Suit;High;M41033;X
195020;Head of Government;Baltasar Brun;1943;1964;SD;Old Admiral;High;M41034;X
195021;Head of Government;Tomas Beretta Gandolfo;1947;1964;SL;Flamboyant Tough Guy;High;M41035;X
195022;Head of Government;Luis Conrado Batlle Beres;1947;1964;LWR;Naive Optimist;High;M41036;X
195023;Foreign Minister;Alberto Guani;1938;1964;SC;The Cloak N Dagger Schemer;Medium;M41043;X
195024;Foreign Minister;Baltasar Brun;1938;1964;SD;Biased Intellectual;Medium;M41034;X
195025;Foreign Minister;Hector Alberto Gerona;1943;1964;ML;Iron Fisted Brute;Medium;M41045;X
195026;Foreign Minister;Washington Beltran;1943;1964;SD;Ideological Crusader;Medium;M41046;X
195027;Foreign Minister;José Serrato;1947;1964;SL;Apologetic Clerk;Medium;M41047;X
195028;Foreign Minister;Eduardo Rodriguez Larreta;1947;1964;SD;Great Compromiser;Medium;M41048;X
195029;Foreign Minister;Emilio Frugoni;1947;1964;LWR;The Cloak N Dagger Schemer;Medium;M41021;X
195030;Minister of Armament;Ignacio Justé Morales;1937;1964;PA;Laissez-Faire Capitalist;Medium;M41050;X
195031;Minister of Armament;Valentín Gomez;1938;1964;SC;Strategic Air Proponent;Medium;M41051;X
195032;Minister of Armament;Leopoldo C. Agorio;1938;1964;SD;Theoretical Scientist;Medium;M41052;X
195033;Minister of Armament;Vittorio Amato Masso;1939;1964;ML;Tank Proponent;Medium;M41053;X
195034;Minister of Armament;Jorge Elio Mendoza;1942;1964;SC;Infantry Proponent;Medium;M41008;X
195035;Minister of Armament;Joaquin Garcia Sanchéz;1943;1964;ML;Air to Ground Proponent;Medium;M41055;X
195036;Minister of Armament;Carlos Jackson Urribé;1943;1964;SD;Battle Fleet Proponent;Medium;M41009;X
195037;Minister of Armament;Ernesto Sanchez Elizondo;1944;1964;SL;Air Superiority Proponent;Medium;M41057;X
195038;Minister of Armament;Julio Cesar Grauer;1947;1964;SL;Resource Industrialist;Medium;M41058;X
195039;Minister of Armament;Carlos Neves Ochoa;1937;1964;LWR;Submarine Proponent;Medium;M41059;X
195040;Minister of Security;Paulo Ortega Fruscí;1937;1964;PA;Back Stabber;Medium;M41060;X
195041;Minister of Security;Horacio Arredondo;1938;1964;SC;Man of the People;Medium;M41061;X
195042;Minister of Security;A. Dres Gustavo;1938;1964;SD;Prince of Terror;Medium;M41032;X
195043;Minister of Security;Mario Cassinoni;1943;1964;ML;Silent Lawyer;Medium;M41063;X
195044;Minister of Security;Juan Carlos Blanco;1943;1964;SD;Compassionate Gentleman;Medium;M41064;X
195045;Minister of Security;Alberto Dominguez Campora;1944;1964;SL;Prince of Terror;Medium;M41065;X
195046;Minister of Security;Andres Pacheco;1947;1964;SL;Efficient Sociopath;Medium;M41066;X
195047;Minister of Security;Jose Pedro Varela;1947;1964;SD;Crime Fighter;Medium;M41067;X
195048;Head of Military Intelligence;Antonio de Lara Rivas;1933;1964;PA;Industrial Specialist;Medium;M41068;X
195049;Head of Military Intelligence;Julio T. Fernandéz;1937;1964;SC;Technical Specialist;Medium;M41069;X
195050;Head of Military Intelligence;Enrique Moutisch;1938;1964;SC;Industrial Specialist;Medium;M41070;X
195051;Head of Military Intelligence;Enrique Isoba Álvarez;1938;1964;SD;Technical Specialist;Medium;M41026;X
195052;Head of Military Intelligence;Julio Escalona Vasquez;1943;1964;ML;Dismal Enigma;Medium;M41072;X
195053;Head of Military Intelligence;Hippolito Gallinal;1943;1964;SD;Logistics Specialist;Medium;M41073;X
195054;Head of Military Intelligence;Andrés Martínez Trueba;1947;1964;SL;Technical Specialist;Medium;M41074;X
195055;Head of Military Intelligence;James McFarlane Rubio;1947;1964;LWR;Industrial Specialist;Medium;M41075;X
195056;Chief of Staff;Cantido Quintio Reyes;1938;1964;SD;School of Defence;Medium;M41077;X
195057;Chief of Staff;Juan Franki Franque;1943;1964;ML;School of Manoeuvre;Medium;M41078;X
195058;Chief of Staff;Julio Cesar Vadora;1947;1964;SL;School of Psychology;Medium;M41027;X
195059;Chief of Army;Enrico Amancias Rodriguez;1938;1964;SC;Elastic Defence Doctrine;Medium;M41081;X
195060;Chief of Army;Cantido Quintio Reyes;1938;1964;SD;Static Defence Doctrine;Medium;M41077;X
195061;Chief of Army;Hector Lopez Camara;1943;1964;ML;Guns and Butter Doctrine;Medium;M41083;X
195062;Chief of Army;Eleazar Díaz Caminate;1947;1964;SL;Decisive Battle Doctrine;Medium;M41085;X
195063;Chief of Navy;Rafael Marques Ayala;1938;1964;SD;Base Control Doctrine;Medium;M41029;X
195064;Chief of Navy;Francisco Suaréz Villablanco;1943;1964;ML;Open Seas Doctrine;Medium;M41089;X
195065;Chief of Navy;Carlos Neves Ochoa;1943;1964;SD;Indirect Approach Doctrine;Medium;M41059;X
195066;Chief of Navy;A. Martín de la Flores;1947;1964;SL;Power Projection Doctrine;Medium;M41091;X
195067;Chief of Navy;Claudio Vio Valdéz;1947;1964;SD;Open Seas Doctrine;Medium;M41092;X
195068;Chief of Air Force;Valentín Gomez;1938;1964;SC;Carpet Bombing Doctrine;Medium;M41051;X
195069;Chief of Air Force;Alvaro Ledon Gutierrez;1938;1964;SD;Air Superiority Doctrine;Medium;M41030;X
195070;Chief of Air Force;Olindo Ojeto Varela;1943;1964;ML;Army Aviation Doctrine;Medium;M41095;X
195071;Chief of Air Force;Ernesto Sanchez Elizondo;1943;1964;SD;Army Aviation Doctrine;Medium;M41057;X
195072;Chief of Air Force;A. Martín de la Flores;1947;1964;SL;Naval Aviation Doctrine;Medium;M41091;X
195073;Chief of Air Force;Manuel Redondo Galván;1947;1964;LWR;Vertical Envelopment Doctrine;Medium;M41098;X
195074;Head of State;Abelardo Martínez;1933;1964;FA;Stern Imperialist;High;M41011;X
195075;Head of Government;Abelardo Martínez;1933;1964;FA;Old Admiral;High;M41011;X
195076;Foreign Minister;Luís Santiago Reguera;1933;1964;FA;The Cloak N Dagger Schemer;Medium;M41013;X
195077;Minister of Armament;Abelardo Díaz Alvarez;1933;1964;FA;Infantry Proponent;Medium;M41014;X
195078;Minister of Security;Roberto Acosta Díez;1933;1964;FA;Crime Fighter;Medium;M41015;X
195079;Head of Military Intelligence;Lui Soro Contioni;1933;1964;FA;Industrial Specialist;Medium;M41016;X
195080;Chief of Staff;Teo Bucardí Ramos;1933;1964;FA;School of Manoeuvre;Medium;M41017;X
195081;Chief of Army;Teo Bucardí Ramos;1933;1964;FA;Elastic Defence Doctrine;Medium;M41017;X
195082;Chief of Navy;Hector Bonilla Gomez;1933;1964;FA;Base Control Doctrine;Medium;M41019;X
195083;Chief of Air Force;Francisco Castilla Paredes;1933;1964;FA;Army Aviation Doctrine;Medium;M41020;X
195084;Head of State;Emilio Frugoni;1933;1964;LWR;Autocratic Charmer;High;M41021;X
195085;Head of Government;Emilio Frugoni;1933;1964;LWR;Ambitious Union Boss;High;M41021;X
195086;Foreign Minister;Calixto Aroyo Tabaorda;1933;1964;LE;Great Compromiser;Medium;M41023;X
195087;Minister of Armament;Ramón Menendez Súris;1933;1964;LE;Infantry Proponent;Medium;M41024;X
195088;Minister of Security;Jesús Menendez Súris;1933;1964;LWR;Back Stabber;Medium;M41025;X
195089;Head of State;Andrés Martínez Trueba;1952;1964;SL;Pig-headed Isolationist;Medium;M41074;X
195090;Chief of Air Force;Juan Manuel Boiso Lanza;1911;1933;ML;Air Superiority Doctrine;Medium;3588;X
195091;Chief of Air Force;Alférez Cesáreo L. Berisso;1911;1933;ML;Carpet Bombing Doctrine;Medium;3589;X
195092;Foreign Minister;Emilio Barbaroux;1911;1933;ML;Apologetic Clerk;Medium;3590;X
195093;Foreign Minister;Daniel Muñoz;1915;1933;ML;Iron Fisted Brute;Medium;3591;X
195094;Foreign Minister;Baltasar Brum;1919;1933;ML;General Staffer;Medium;3592;X
195095;Foreign Minister;Manuel B. Otero;1919;1933;ML;Great Compromiser;Medium;unknown;X
195096;Foreign Minister;Juan Antonio Buero;1919;1933;ML;The Cloak N Dagger Schemer;Medium;7992;X
195097;Foreign Minister;Pedro Manini Ríos;1923;1933;ML;Apologetic Clerk;Medium;unknown;X
195098;Head of Government;José Torcuato Batlle;1911;1933;ML;Ambitious Union Boss;Medium;3593;X
195099;Head of Government;Feliciano Viera;1915;1933;ML;Naive Optimist;Medium;3594;X
195100;Head of Government;Baltasar Rodríguez;1919;1933;ML;Silent Workhorse;Medium;7993;X
195101;Head of Government;José Serrato;1923;1933;ML;Ambitious Union Boss;Medium;3595;X
195102;Head of State;José Torcuato Batlle;1911;1933;ML;Autocratic Charmer;Medium;3593;X
195103;Head of State;Feliciano Viera;1915;1933;ML;Benevolent Gentleman;Medium;3594;X
195104;Head of State;Baltasar Rodríguez;1919;1933;ML;Die-hard Reformer;Medium;7993;X
195105;Head of State;José Serrato;1923;1933;ML;Insignificant Layman;Medium;3595;X
195106;Minister of Security;Pedro Manini Rios;1911;1933;ML;Prince of Terror;Medium;7994;X
195107;Minister of Security;Pablo Varzi;1919;1933;ML;Crime Fighter;Medium;7995;X
195108;Chief of Air Force;Larre Borges Tyde;1939;1964;ML;Carpet Bombing Doctrine;High;6072;X
195109;Head of State;Alberto Fermin Zubiria;1956;1972;SL;Insignificant Layman;Medium;URU - Alberto Fermin Zubiria;X
195110;Head of State;Arturo Lezama Bagez;1957;1964;SL;Autocratic Charmer;Medium;URU - Arturo Lezama;X
195111;Head of State;Carlos Fischer Brusoni;1958;1970;SL;Benevolent Gentleman;Medium;URU - Carlos Fischer;X
195112;Head of State;Martin Echegoyen;1959;1975;ML;Benevolent Gentleman;Medium;URU - Martin Echegoyen;X
195113;Head of State;Benito Nardone Cetrulo;1960;1965;ML;Stern Imperialist;Medium;URU - Benito Nardone;X
195114;Head of State;Eduardo Victor Haedo;1961;1971;ML;Insignificant Layman;Medium;URU - Eduardo Victor Haedo;X
195115;Head of State;Faustino Harrison Usoz;1962;1964;ML;Barking Buffoon;Medium;URU - Faustino Harrison;X
195116;Head of State;Daniel Fernández Crespo;1963;1965;SL;Die-hard Reformer;Medium;URU - Daniel Fernández Crespo;X
195117;Head of State;Luis Giannattasio Finocchietti;1964;1966;SL;Autocratic Charmer;Medium;URU - Luis Giannattasio;X
195118;Head of State;Washington Beltrán Mullin;1965;2004;SC;Ruthless Powermonger;Medium;URU - Washington Beltrán;X
195119;Head of State;Alberto Héber Usher;1966;1982;ML;Weary Stiffneck;Medium;URU - Alberto Héber Usher;X
195120;Head of State;Jorge Pacheco Areco;1967;1999;SD;Pig-headed Isolationist;Medium;URU - Jorge Pacheco Areco;X
195121;Head of State;Juan María Bordaberry Arocena;1972;2012;PA;Weary Stiffneck;Medium;URU - Juan Maria Bordaberry;X
195122;Head of State;Aparicio Méndez Manfredini;1976;1989;PA;Powerhungry Demagogue;Medium;URU - Aparicio Méndez;X
195123;Head of State;Gregorio Álvarez Armelino;1981;2017;PA;Stern Imperialist;Medium;URU - Gregorio Conrado Alvarez;X
195124;Head of State;Julio Sanguinetti Coirolo;1984;2020;SD;Pig-headed Isolationist;Medium;URU - Julio Maria Sanguinetti;X
195125;Head of State;Luis Lacalle de Herrera;1990;2020;SC;Powerhungry Demagogue;Medium;URU - Luis Alberto Lacalle;X
195126;Head of State;Jorge Batlle Ibáñez;1990;2020;SD;Ruthless Powermonger;Medium;URU - Jorge Batlle;X
195127;Head of State;Alberto Zumarán;1984;2020;SC;Benevolent Gentleman;Medium;URU - Alberto Zumarán;X
195128;Head of State;Eugenio Gómez;1933;1974;ST;Ruthless Powermonger;Medium;URU - Eugenio Gómez;X
195129;Head of State;Tibaldo Rodney Arismendi;1954;1990;LE;Benevolent Gentleman;Medium;URU - Tibaldo Rodney Arismendi;X
195130;Head of State;Jaime Gerschuni Pérez;1985;2006;LE;Ruthless Powermonger;Medium;URU - Jaime Gerschuni Pérez;X
195131;Head of Government;Andrés Martínez Trueba;1952;1964;SL;Naive Optimist;Medium;M41074;X
195132;Head of Government;Alberto Fermin Zubiria;1956;1972;SL;Corporate Suit;Medium;URU - Alberto Fermin Zubiria;X
195133;Head of Government;Arturo Lezama Bagez;1957;1964;SL;Ambitious Union Boss;Medium;URU - Arturo Lezama;X
195134;Head of Government;Carlos Fischer Brusoni;1958;1970;SL;Silent Workhorse;Medium;URU - Carlos Fischer;X
195135;Head of Government;Martin Echegoyen;1959;1975;ML;Political Protege;Medium;URU - Martin Echegoyen;X
195136;Head of Government;Benito Nardone Cetrulo;1960;1965;ML;Ambitious Union Boss;Medium;URU - Benito Nardone;X
195137;Head of Government;Eduardo Victor Haedo;1961;1971;ML;Ambitious Union Boss;Medium;URU - Eduardo Victor Haedo;X
195138;Head of Government;Faustino Harrison Usoz;1962;1964;ML;Naive Optimist;Medium;URU - Faustino Harrison;X
195139;Head of Government;Daniel Fernández Crespo;1963;1965;SL;Ambitious Union Boss;Medium;URU - Daniel Fernández Crespo;X
195140;Head of Government;Luis Giannattasio Finocchietti;1964;1966;SL;Flamboyant Tough Guy;Medium;URU - Luis Giannattasio;X
195141;Head of Government;Washington Beltrán Mullin;1965;2004;SC;Naive Optimist;Medium;URU - Washington Beltrán;X
195142;Head of Government;Alberto Héber Usher;1966;1982;ML;Backroom Backstabber;Medium;URU - Alberto Héber Usher;X
195143;Head of Government;Jorge Pacheco Areco;1967;1999;SD;Happy Amateur;Medium;URU - Jorge Pacheco Areco;X
195144;Head of Government;Juan María Bordaberry Arocena;1972;2012;PA;Ambitious Union Boss;Medium;URU - Juan Maria Bordaberry;X
195145;Head of Government;Aparicio Méndez Manfredini;1976;1989;PA;Flamboyant Tough Guy;Medium;URU - Aparicio Méndez;X
195146;Head of Government;Gregorio Álvarez Armelino;1981;2017;PA;Smiling Oilman;Medium;URU - Gregorio Conrado Alvarez;X
195147;Head of Government;Julio Sanguinetti Coirolo;1984;2020;SD;Backroom Backstabber;Medium;URU - Julio Maria Sanguinetti;X
195148;Head of Government;Luis Lacalle de Herrera;1990;2020;SC;Flamboyant Tough Guy;Medium;URU - Luis Alberto Lacalle;X
195149;Head of Government;Jorge Batlle Ibáñez;1990;2020;SD;Political Protege;Medium;URU - Jorge Batlle;X
195150;Head of Government;Alberto Zumarán;1984;2020;SC;Silent Workhorse;Medium;URU - Alberto Zumarán;X
195151;Head of Government;Eugenio Gómez;1933;1974;ST;Backroom Backstabber;Medium;URU - Eugenio Gómez;X
195152;Head of Government;Tibaldo Rodney Arismendi;1954;1990;LE;Political Protege;Medium;URU - Tibaldo Rodney Arismendi;X
195153;Head of Government;Jaime Gerschuni Pérez;1985;2006;LE;Flamboyant Tough Guy;Medium;URU - Jaime Gerschuni Pérez;X
