DOM;Ruling Cabinet - Start;Name;Start Year;End Year;Ideology;Personality;Loyalty;Picturename;X
;Replacements;;;;;;;;X
320001;Head of State;Rafél Trujillo Molina;1933;1964;PA;Barking Buffoon;High;M49001;X
320002;Head of Government;Jacinto Bienvenido Peynado;1933;1964;PA;Naive Optimist;High;M49002;X
320003;Foreign Minister;Elias Brache;1933;1964;PA;Great Compromiser;Medium;M49003;X
320004;Minister of Armament;Manuel de Jesús Troncoso;1933;1964;PA;Infantry Proponent;Medium;M49004;X
320005;Minister of Security;Rafél Trujillo Molina;1933;1964;PA;Prince of Terror;Medium;M49001;X
320006;Head of Military Intelligence;Jesus da Costa Ruiz;1933;1964;PA;Technical Specialist;Medium;M49006;X
320007;Chief of Staff;Rafél Trujillo Molina;1933;1964;PA;School of Defence;Low;M49001;X
320008;Chief of Army;Rafél Trujillo Molina;1933;1964;PA;Static Defence Doctrine;Low;M49008;X
320009;Chief of Navy;Humberto Rojas;1933;1964;PA;Indirect Approach Doctrine;Medium;M49009;X
320010;Chief of Air Force;Anibal Vallejo Sosa;1933;1964;PA;Air Superiority Doctrine;Low;M49010;X
320011;Head of State;Jacinto Bienvenido Peynado;1938;1964;PA;Insignificant Layman;High;M49002;X
320012;Head of State;Manuel de Jesús Troncoso;1940;1964;PA;Benevolent Gentleman;High;M49004;X
320013;Head of State;Elias Brache;1938;1964;SC;Weary Stiffneck;High;M49003;X
320014;Head of State;Rafael Espaillat;1946;1964;SC;Popular Figurehead;High;M49035;X
320015;Head of State;Frank Feliz Miranda;1938;1964;LWR;Popular Figurehead;High;M49030;X
320016;Head of State;Francisco Prats Ramirez;1942;1964;LWR;Autocratic Charmer;High;M49037;X
320017;Head of Government;Manuel de Jesús Troncoso;1938;1964;PA;Silent Workhorse;High;M49004;X
320018;Head of Government;Rafél Trujillo Molina;1940;1964;PA;Backroom Backstabber;High;M49001;X
320019;Head of Government;Alberto Garcia Vienda;1938;1964;SC;Happy Amateur;High;M49015;X
320020;Head of Government;Rafael Espaillat;1942;1964;SC;Political Protege;High;M49035;X
320021;Head of Government;Rafael Bonelly Fondeur;1946;1964;SC;Smiling Oilman;High;M49042;X
320022;Head of Government;Francisco Prats Ramirez;1938;1964;LWR;Happy Amateur;High;M49037;X
320023;Head of Government;Mario Imbert McGregor;1942;1964;SD;Corporate Suit;High;M49026;X
320024;Head of Government;Juan Bosch;1946;1964;SD;Old General;High;M49021;X
320025;Foreign Minister;Ernesto Bonetti-Burgos;1933;1964;PA;Apologetic Clerk;Medium;M49046;X
320026;Foreign Minister;Julio Ortega Frier;1937;1964;PA;The Cloak N Dagger Schemer;Medium;M49047;X
320027;Foreign Minister;Arturo Despradel;1938;1964;PA;Great Compromiser;Very High;M49048;X
320028;Foreign Minister;Manuel Peña Battle;1943;1964;PA;General Staffer;Very High;M49049;X
320029;Foreign Minister;Jesus de Galindez;1942;1964;SC;Ideological Crusader;Medium;M49013;X
320030;Foreign Minister;Emilio de los Santos;1946;1964;SC;Iron Fisted Brute;Medium;M49052;X
320031;Foreign Minister;Antonio Leyba Pou;1938;1964;LWR;Ideological Crusader;Medium;M49025;X
320032;Foreign Minister;Juan Bosch;1946;1964;SD;Iron Fisted Brute;Low;M49021;X
320033;Minister of Armament;Ignacio Bajordo;1940;1964;PA;Administrative Genius;High;M49056;X
320034;Minister of Armament;Rafél Trujillo Molina;1942;1964;PA;Corrupt Kleptocrat;Very High;M49001;X
320035;Minister of Armament;Luis Amiamo Tio;1946;1964;PA;Corrupt Kleptocrat;Low;M49058;X
320036;Minister of Armament;Jesus de Galindez;1938;1964;SC;Laissez-Faire Capitalist;Medium;M49013;X
320037;Minister of Armament;Rafael Bonelly Fondeur;1942;1964;SC;Infantry Proponent;Medium;M49042;X
320038;Minister of Armament;Jorge Balaguer;1946;1964;SC;Administrative Genius;Low;M49014;X
320039;Minister of Armament;Francisco Cutricos;1938;1964;SD;Corrupt Kleptocrat;Low;M49024;X
320040;Minister of Armament;Mario Imbert McGregor;1946;1964;SD;Resource Industrialist;Medium;M49026;X
320041;Minister of Security;Jacinto Bienvenido Peynado;1938;1964;PA;Crooked Kleptocrat;High;M49002;X
320042;Minister of Security;Donald Reid Cabral;1944;1964;PA;Compassionate Gentleman;Low;M49066;X
320043;Minister of Security;Hector Trujillo Molina;1946;1964;PA;Crooked Kleptocrat;High;M49067;X
320044;Minister of Security;Rafael Espaillat;1938;1964;SC;Efficient Sociopath;Medium;M49035;X
320045;Minister of Security;Alberto Garcia Vienda;1942;1964;SC;Silent Lawyer;Medium;M49015;X
320046;Minister of Security;Antonio Leyba Pou;1938;1964;LWR;Man of the People;Medium;M49025;X
320047;Head of Military Intelligence;Manuel de Jesús Troncoso;1940;1964;PA;Naval Intelligence Specialist;Medium;M49004;X
320048;Head of Military Intelligence;Jorge Balaguer;1942;1964;PA;Logistics Specialist;Medium;M49014;X
320049;Head of Military Intelligence;Hector Trujillo Molina;1946;1964;PA;Political Specialist;High;M49067;X
320050;Head of Military Intelligence;Alberto Garcia Vienda;1938;1964;SC;Logistics Specialist;Low;M49015;X
320051;Head of Military Intelligence;Francisco Prats Ramirez;1938;1964;LWR;Industrial Specialist;High;M49037;X
320052;Head of Military Intelligence;Mario Imbert McGregor;1946;1964;SD;Dismal Enigma;Medium;M49026;X
320053;Chief of Staff;Manuel Peña Battle;1946;1964;PA;School of Defence;Very High;M49049;X
320054;Chief of Staff;Jesus da Costa-Ruiz;1938;1964;SC;School of Mass Combat;Medium;M49006;X
320055;Chief of Staff;Victor Viñas Roman;1938;1964;SD;School of Fire Support;Medium;M49027;X
320056;Chief of Army;Domingo de los Santos Ortiz;1938;1964;SC;Armoured Spearhead Doctrine;Low;M49018;X
320057;Chief of Army;Victor Viñas Roman;1938;1964;SD;Decisive Battle Doctrine;Medium;M49027;X
320058;Chief of Navy;Honoracio Yuna Robles;1940;1964;PA;Open Seas Doctrine;High;M49087;X
320059;Chief of Navy;Rafél Trujillo Molina;1942;1964;PA;Base Control Doctrine;Very High;M49088;X
320060;Chief of Navy;Edgar Martinez;1938;1964;LWR;Indirect Approach Doctrine;Very Low;M49029;X
320061;Chief of Air Force;Julio Ortega Frier;1942;1964;PA;Army Aviation Doctrine;Medium;M49047;X
320062;Chief of Air Force;Diego Trabajo Rúiz;1942;1964;SC;Carpet Bombing Doctrine;High;M49094;X
320063;Chief of Air Force;Frank Feliz Miranda;1933;1964;LWR;Naval Aviation Doctrine;Medium;M49030;X
320064;Head of State;Rafél Trujillo Molina;1942;1964;PA;Barking Buffoon;High;M49001;X
320065;Chief of Air Force;Edgar Martinez;1941;1964;LWR;Air Superiority Doctrine;High;M49029;X
320066;Head of State;Juan Bosch;1933;1964;LWR;Die-hard Reformer;High;M49021;X
320067;Head of Government;Jesus de Galindez;1933;1964;LWR;Flamboyant Tough Guy;High;M49013;X
320068;Head of State;Hector Trujillo Molina;1952;1964;PA;Insignificant Layman;High;M49067;X
320069;Head of Government;José Bordas Valdés;1914;1933;ML;Corporate Suit;Medium;unknown;X
320070;Head of Government;Ramón Báez Machado;1914;1933;ML;Naive Optimist;Medium;unknown;X
320071;Head of Government;Juan Isidro Jimenes;1914;1933;SL;Political Protege;Medium;unknown;X
320072;Head of Government;Francisco Henríquez;1916;1933;ML;Smiling Oilman;Medium;unknown;X
320073;Head of State;José Bordas Valdés;1914;1933;ML;Weary Stiffneck;Medium;unknown;X
320074;Head of State;Ramón Báez Machado;1914;1933;ML;Popular Figurehead;Medium;unknown;X
320075;Head of State;Juan Isidro Jimenes;1914;1933;SL;Insignificant Layman;Medium;unknown;X
320076;Head of State;Francisco Henríquez;1916;1933;ML;Barking Buffoon;Medium;unknown;X
320077;Head of State;Joaquin Balaguer Ricardo;1960;2003;PA;Resigned Generalissimo;Medium;DOM - Joaquin Balaguer;X
320078;Head of State;Rafael Filiberto Bonnelly;1962;1980;PA;Benevolent Gentleman;Medium;DOM - Rafael Filiberto Bonnelly;X
320079;Head of State;Juan Bosch Gaviño;1963;2002;SD;Weary Stiffneck;Medium;DOM - Juan Bosch;X
320080;Head of State;Elias Wessin Wessin;1963;2010;PA;Insignificant Layman;Medium;DOM - Elias Wessin;X
320081;Head of State;Héctor García-Godoy;1965;1971;PA;Powerhungry Demagogue;Medium;DOM - Héctor Garcia-Godoy;X
320082;Head of State;Joaquin Balaguer Ricardo;1966;2003;SC;Resigned Generalissimo;Medium;DOM - Joaquin Balaguer;X
320083;Head of State;Antonio Guzmán Fernández;1978;1983;SL;Powerhungry Demagogue;Medium;DOM - Antonio Guzmán Fernández;X
320084;Head of State;Salvador Jorge Blanco;1982;2011;SD;Weary Stiffneck;Medium;DOM - Salvador Jorge Blanco;X
320085;Head of State;Leonel Fernández Renya;1996;2020;SL;Benevolent Gentleman;Medium;DOM - Leonel Fernández;X
320086;Head of State;Viriato Fiallo Rodríguez;1962;1984;SC;Die-hard Reformer;Medium;DOM - Viriato Fiallo;X
320087;Head of State;Francisco Lora González;1970;1994;SL;Insignificant Layman;Medium;DOM - Francisco Lora González;X
320088;Head of State;Luis Lajara Burgos;1974;1995;SL;Resigned Generalissimo;Medium;DOM - Luis Lajara Burgos;X
320089;Head of State;José Peña Gómez;1994;1999;SD;Autocratic Charmer;Medium;DOM - José Peña Gómez;X
320090;Head of State;Juan Bosch Gaviño;1963;2002;LWR;Weary Stiffneck;Medium;DOM - Juan Bosch;X
320091;Head of State;Narciso Isa Conde;1969;2020;LE;Barking Buffoon;Medium;DOM - Narciso Isa Conde;X
320092;Head of State;Pericles Franco Ornes;1933;1971;ST;Ruthless Dictator;Medium;DOM - Pericles Franco Ornes;X
320093;Head of Government;Hector Trujillo Molina;1952;1964;PA;Old Admiral;High;M49067;X
320094;Head of Government;Joaquin Balaguer Ricardo;1960;2003;PA;Flamboyant Tough Guy;Medium;DOM - Joaquin Balaguer;X
320095;Head of Government;Rafael Filiberto Bonnelly;1962;1980;PA;Political Protege;Medium;DOM - Rafael Filiberto Bonnelly;X
320096;Head of Government;Juan Bosch Gaviño;1963;2002;SD;Happy Amateur;Medium;DOM - Juan Bosch;X
320097;Head of Government;Elias Wessin Wessin;1963;2010;PA;Old Airmarshal;Medium;DOM - Elias Wessin;X
320098;Head of Government;Héctor García-Godoy;1965;1971;PA;Smiling Oilman;Medium;DOM - Héctor Garcia-Godoy;X
320099;Head of Government;Joaquin Balaguer Ricardo;1966;2003;SC;Flamboyant Tough Guy;Medium;DOM - Joaquin Balaguer;X
320100;Head of Government;Antonio Guzmán Fernández;1978;1983;SL;Corporate Suit;Medium;DOM - Antonio Guzmán Fernández;X
320101;Head of Government;Salvador Jorge Blanco;1982;2011;SD;Naive Optimist;Medium;DOM - Salvador Jorge Blanco;X
320102;Head of Government;Leonel Fernández Renya;1996;2020;SL;Political Protege;Medium;DOM - Leonel Fernández;X
320103;Head of Government;Viriato Fiallo Rodríguez;1962;1984;SC;Ambitious Union Boss;Medium;DOM - Viriato Fiallo;X
320104;Head of Government;Francisco Lora González;1970;1994;SL;Happy Amateur;Medium;DOM - Francisco Lora González;X
320105;Head of Government;Luis Lajara Burgos;1974;1995;SL;Old Admiral;Medium;DOM - Luis Lajara Burgos;X
320106;Head of Government;José Peña Gómez;1994;1999;SD;Ambitious Union Boss;Medium;DOM - José Peña Gómez;X
320107;Head of Government;Juan Bosch Gaviño;1963;2002;LWR;Happy Amateur;Medium;DOM - Juan Bosch;X
320108;Head of Government;Narciso Isa Conde;1969;2020;LE;Political Protege;Medium;DOM - Narciso Isa Conde;X
320109;Head of Government;Pericles Franco Ornes;1933;1971;ST;Happy Amateur;Medium;DOM - Pericles Franco Ornes;X
